Product Details,Prices,Availability,Ratings,Product Link
Reno 11 Pro Unlocked Phone 8GB+256GB Unlocked Android Phone 6000 mAh Large Battery Unlocked Cell Phone 50MP+13MP Camera Smartphone 4G Dual SIM (Jade Green),94.,Only 4 left in stock - order soon.,3.1,https://www.amazon.com/VIVAHHX-Reno-11-Pro-Smartphone/dp/B0DXL2SL38/ref=sr_1_1?crid=MORIM43E6NWW&dib=eyJ2IjoiMSJ9.ne1sLzT291vMEWaU784PKdIGopHUbScpUQHcpeLxw-zSIIVMB8A-GDaIPYvNp419xi9ocwUuPvuxn7Ikkub6bPic7DSRVTIaBGGiDkIrS5WekLAqHwA8jh5A388WombCHQEnJ4IXpDpIZm13on7GanUGVpMOxhOx2JPhFySj4cjiTFg4nBlbCjENhwv2QU-sHc2TVkhJ_UZoB7nmYHL1t3F7rBxz3GJbBnFnZRFY3Og.Imn7f4qy95aFgaRBEm9Xyfn9MiWJ7HOaHYeUr95I8mg&dib_tag=se&keywords=oppo+phone&qid=1758871529&rnid=85457740011&sprefix=oppo%2Caps%2C441&sr=8-1
Moto G - 2025 | Unlocked | Made for US 4/128GB | 50MP Camera | Forest Gray,174.,Only 1 left in stock - order soon.,Ships to Pakistan,https://www.amazon.com/Moto-Unlocked-128GB-Camera-Forest/dp/B0DNRK51QQ/ref=sr_1_2?crid=MORIM43E6NWW&dib=eyJ2IjoiMSJ9.ne1sLzT291vMEWaU784PKdIGopHUbScpUQHcpeLxw-zSIIVMB8A-GDaIPYvNp419xi9ocwUuPvuxn7Ikkub6bPic7DSRVTIaBGGiDkIrS5WekLAqHwA8jh5A388WombCHQEnJ4IXpDpIZm13on7GanUGVpMOxhOx2JPhFySj4cjiTFg4nBlbCjENhwv2QU-sHc2TVkhJ_UZoB7nmYHL1t3F7rBxz3GJbBnFnZRFY3Og.Imn7f4qy95aFgaRBEm9Xyfn9MiWJ7HOaHYeUr95I8mg&dib_tag=se&keywords=oppo+phone&qid=1758871529&rnid=85457740011&sprefix=oppo%2Caps%2C441&sr=8-2
"Galaxy A16 4G LTE (128GB + 4GB) International Model SM-A165F/DS Factory Unlocked 6.7"" Dual Sim 50MP Dual Cam (Case Bundle) (Gray)",128.,Only 9 left in stock - order soon.,4.2,https://www.amazon.com/SAMSUNG-International-SM-A165F-DS-Unlocked/dp/B0DT4T8D65/ref=sr_1_3?crid=MORIM43E6NWW&dib=eyJ2IjoiMSJ9.ne1sLzT291vMEWaU784PKdIGopHUbScpUQHcpeLxw-zSIIVMB8A-GDaIPYvNp419xi9ocwUuPvuxn7Ikkub6bPic7DSRVTIaBGGiDkIrS5WekLAqHwA8jh5A388WombCHQEnJ4IXpDpIZm13on7GanUGVpMOxhOx2JPhFySj4cjiTFg4nBlbCjENhwv2QU-sHc2TVkhJ_UZoB7nmYHL1t3F7rBxz3GJbBnFnZRFY3Og.Imn7f4qy95aFgaRBEm9Xyfn9MiWJ7HOaHYeUr95I8mg&dib_tag=se&keywords=oppo+phone&qid=1758871529&rnid=85457740011&sprefix=oppo%2Caps%2C441&sr=8-3
C20 Pro Unlocked Phone 8GB+256GB Android Phone 50MP+13MP Camera 6000mAh Large Battery Unique Appearance Design Fingerprint Face Unlock 4G Dual SIM (Green),89.,Only 2 left in stock - order soon.,Ships to Pakistan,https://www.amazon.com/XUANMEIKE-C20-Pro-Appearance-Fingerprint/dp/B0FH2DHDML/ref=sr_1_4?crid=MORIM43E6NWW&dib=eyJ2IjoiMSJ9.ne1sLzT291vMEWaU784PKdIGopHUbScpUQHcpeLxw-zSIIVMB8A-GDaIPYvNp419xi9ocwUuPvuxn7Ikkub6bPic7DSRVTIaBGGiDkIrS5WekLAqHwA8jh5A388WombCHQEnJ4IXpDpIZm13on7GanUGVpMOxhOx2JPhFySj4cjiTFg4nBlbCjENhwv2QU-sHc2TVkhJ_UZoB7nmYHL1t3F7rBxz3GJbBnFnZRFY3Og.Imn7f4qy95aFgaRBEm9Xyfn9MiWJ7HOaHYeUr95I8mg&dib_tag=se&keywords=oppo+phone&qid=1758871529&rnid=85457740011&sprefix=oppo%2Caps%2C441&sr=8-4
"Phone (3a) Smartphone, 6.77"" 120Hz AMOLED Display, 50MP Triple Camera System, Snapdragon 7s Gen3 Processor, Bluetooth 5.4, IP64 Waterproof, 5000mAh,Dual Nano-SIM, Android 15, 8+128GB Black",304.,Only 6 left in stock - order soon.,4.0,https://www.amazon.com/Nothing-Smartphone-Snapdragon-Processor-Waterproof/dp/B0DYCXGDQF/ref=sr_1_5?crid=MORIM43E6NWW&dib=eyJ2IjoiMSJ9.ne1sLzT291vMEWaU784PKdIGopHUbScpUQHcpeLxw-zSIIVMB8A-GDaIPYvNp419xi9ocwUuPvuxn7Ikkub6bPic7DSRVTIaBGGiDkIrS5WekLAqHwA8jh5A388WombCHQEnJ4IXpDpIZm13on7GanUGVpMOxhOx2JPhFySj4cjiTFg4nBlbCjENhwv2QU-sHc2TVkhJ_UZoB7nmYHL1t3F7rBxz3GJbBnFnZRFY3Og.Imn7f4qy95aFgaRBEm9Xyfn9MiWJ7HOaHYeUr95I8mg&dib_tag=se&keywords=oppo+phone&qid=1758871529&rnid=85457740011&sprefix=oppo%2Caps%2C441&sr=8-5
"Nord N30 5G | Unlocked Dual-SIM Android Smart Phone | 6.7"" LCD Display | 8 +128GB | 5000 mAh Battery | 50W Fast Charging | 108MP Camera | Chromatic Gray",289.,Availability is not given,Ships to Pakistan,https://www.amazon.com/OnePlus-Unlocked-Dual-SIM-Charging-Chromatic/dp/B0C22BRGLG/ref=sr_1_6?crid=MORIM43E6NWW&dib=eyJ2IjoiMSJ9.ne1sLzT291vMEWaU784PKdIGopHUbScpUQHcpeLxw-zSIIVMB8A-GDaIPYvNp419xi9ocwUuPvuxn7Ikkub6bPic7DSRVTIaBGGiDkIrS5WekLAqHwA8jh5A388WombCHQEnJ4IXpDpIZm13on7GanUGVpMOxhOx2JPhFySj4cjiTFg4nBlbCjENhwv2QU-sHc2TVkhJ_UZoB7nmYHL1t3F7rBxz3GJbBnFnZRFY3Og.Imn7f4qy95aFgaRBEm9Xyfn9MiWJ7HOaHYeUr95I8mg&dib_tag=se&keywords=oppo+phone&qid=1758871529&rnid=85457740011&sprefix=oppo%2Caps%2C441&sr=8-6
"Phone (3) Cell Phone, 2025 New 5G Unlocked Phones 512GB, Android 15, Snapdragon 8s Gen4, AI Mobile Phones with Four 50MP Cameras & AMOLED Display, 5150mAh, Glyph Interface, Smartphone Black",899.,Availability is not given,4.1,https://www.amazon.com/Nothing-Unlocked-Snapdragon-Interface-Smartphone/dp/B0F9XZ9KDM/ref=sr_1_7?crid=MORIM43E6NWW&dib=eyJ2IjoiMSJ9.ne1sLzT291vMEWaU784PKdIGopHUbScpUQHcpeLxw-zSIIVMB8A-GDaIPYvNp419xi9ocwUuPvuxn7Ikkub6bPic7DSRVTIaBGGiDkIrS5WekLAqHwA8jh5A388WombCHQEnJ4IXpDpIZm13on7GanUGVpMOxhOx2JPhFySj4cjiTFg4nBlbCjENhwv2QU-sHc2TVkhJ_UZoB7nmYHL1t3F7rBxz3GJbBnFnZRFY3Og.Imn7f4qy95aFgaRBEm9Xyfn9MiWJ7HOaHYeUr95I8mg&dib_tag=se&keywords=oppo+phone&qid=1758871529&rnid=85457740011&sprefix=oppo%2Caps%2C441&sr=8-7
"12 Unlocked Android Phone — Snapdragon 8 Gen 3 Phone w/ 16GB RAM, Hasselblad Camera, Dual SIM, 2K 120Hz ProXDR Display, 5400mAh Battery, SUPERVOOC Charging, OxygenOS (512GB, Flowy Emerald)",699.,Availability is not given,Ships to Pakistan,https://www.amazon.com/OnePlus-Unlocked-Android-Phone-Snapdragon/dp/B0CQ5JGH2Y/ref=sr_1_8?crid=MORIM43E6NWW&dib=eyJ2IjoiMSJ9.ne1sLzT291vMEWaU784PKdIGopHUbScpUQHcpeLxw-zSIIVMB8A-GDaIPYvNp419xi9ocwUuPvuxn7Ikkub6bPic7DSRVTIaBGGiDkIrS5WekLAqHwA8jh5A388WombCHQEnJ4IXpDpIZm13on7GanUGVpMOxhOx2JPhFySj4cjiTFg4nBlbCjENhwv2QU-sHc2TVkhJ_UZoB7nmYHL1t3F7rBxz3GJbBnFnZRFY3Og.Imn7f4qy95aFgaRBEm9Xyfn9MiWJ7HOaHYeUr95I8mg&dib_tag=se&keywords=oppo+phone&qid=1758871529&rnid=85457740011&sprefix=oppo%2Caps%2C441&sr=8-8
G64L | Unlocked | 6.8” HD+ Infinity Display | 128/4GB | Triple 13MP Main Camera | US Version | US Warranty | Purple,79.,Availability is not given,4.2,https://www.amazon.com/BLU-Unlocked-Infinity-Display-Warranty/dp/B0FLF8QK1Q/ref=sr_1_9?crid=MORIM43E6NWW&dib=eyJ2IjoiMSJ9.ne1sLzT291vMEWaU784PKdIGopHUbScpUQHcpeLxw-zSIIVMB8A-GDaIPYvNp419xi9ocwUuPvuxn7Ikkub6bPic7DSRVTIaBGGiDkIrS5WekLAqHwA8jh5A388WombCHQEnJ4IXpDpIZm13on7GanUGVpMOxhOx2JPhFySj4cjiTFg4nBlbCjENhwv2QU-sHc2TVkhJ_UZoB7nmYHL1t3F7rBxz3GJbBnFnZRFY3Og.Imn7f4qy95aFgaRBEm9Xyfn9MiWJ7HOaHYeUr95I8mg&dib_tag=se&keywords=oppo+phone&qid=1758871529&rnid=85457740011&sprefix=oppo%2Caps%2C441&sr=8-9
"14T Pro Ai 5G (512GB+12GB) Nfc Global Unlocked Worldwide (Tmobile Mint Tello Global) 50MP Triple Pro Leica Camera 6.67"" 144Mhz (Titan Blue)",612.,Availability is not given,Ships to Pakistan,https://www.amazon.com/Xiaomi-Global-Unlocked-Worldwide-Tmobile/dp/B0DJFYRPLC/ref=sr_1_10?crid=MORIM43E6NWW&dib=eyJ2IjoiMSJ9.ne1sLzT291vMEWaU784PKdIGopHUbScpUQHcpeLxw-zSIIVMB8A-GDaIPYvNp419xi9ocwUuPvuxn7Ikkub6bPic7DSRVTIaBGGiDkIrS5WekLAqHwA8jh5A388WombCHQEnJ4IXpDpIZm13on7GanUGVpMOxhOx2JPhFySj4cjiTFg4nBlbCjENhwv2QU-sHc2TVkhJ_UZoB7nmYHL1t3F7rBxz3GJbBnFnZRFY3Og.Imn7f4qy95aFgaRBEm9Xyfn9MiWJ7HOaHYeUr95I8mg&dib_tag=se&keywords=oppo+phone&qid=1758871529&rnid=85457740011&sprefix=oppo%2Caps%2C441&sr=8-10
"Galaxy S25 Ultra, 256GB Smartphone, Unlocked Android, AI Night Mode Camera, Snapdragon 8 Elite Fast Processor, 5000mAh Battery, Built-in S Pen, 2025, US 1 Yr Warranty, Titanium Black","1,106.",Availability is not given,4.3,https://www.amazon.com/Samsung-Smartphone-Unlocked-Processor-Manufacturer/dp/B0DP3GQ4QY/ref=sr_1_11?crid=MORIM43E6NWW&dib=eyJ2IjoiMSJ9.ne1sLzT291vMEWaU784PKdIGopHUbScpUQHcpeLxw-zSIIVMB8A-GDaIPYvNp419xi9ocwUuPvuxn7Ikkub6bPic7DSRVTIaBGGiDkIrS5WekLAqHwA8jh5A388WombCHQEnJ4IXpDpIZm13on7GanUGVpMOxhOx2JPhFySj4cjiTFg4nBlbCjENhwv2QU-sHc2TVkhJ_UZoB7nmYHL1t3F7rBxz3GJbBnFnZRFY3Og.Imn7f4qy95aFgaRBEm9Xyfn9MiWJ7HOaHYeUr95I8mg&dib_tag=se&keywords=oppo+phone&qid=1758871529&rnid=85457740011&sprefix=oppo%2Caps%2C441&sr=8-11
OnePlus 10 Pro | 5G Android Smartphone | 8GB+128GB | T-Mobile Unlocked | Triple Camera co-Developed with Hasselblad | Volcanic Black,319.,Availability is not given,Ships to Pakistan,https://www.amazon.com/OnePlus-10-Pro-Smartphone-co-Developed/dp/B0CDD5MXFL/ref=sr_1_12?crid=MORIM43E6NWW&dib=eyJ2IjoiMSJ9.ne1sLzT291vMEWaU784PKdIGopHUbScpUQHcpeLxw-zSIIVMB8A-GDaIPYvNp419xi9ocwUuPvuxn7Ikkub6bPic7DSRVTIaBGGiDkIrS5WekLAqHwA8jh5A388WombCHQEnJ4IXpDpIZm13on7GanUGVpMOxhOx2JPhFySj4cjiTFg4nBlbCjENhwv2QU-sHc2TVkhJ_UZoB7nmYHL1t3F7rBxz3GJbBnFnZRFY3Og.Imn7f4qy95aFgaRBEm9Xyfn9MiWJ7HOaHYeUr95I8mg&dib_tag=se&keywords=oppo+phone&qid=1758871529&rnid=85457740011&sprefix=oppo%2Caps%2C441&sr=8-12
"Phone (3) Cell Phone, 2025 New 5G Unlocked Phones 512GB, Android 15, Snapdragon 8s Gen4, AI Mobile Phones with Four 50MP Cameras & AMOLED Display, 5150mAh, Glyph Interface, Smartphone White",899.,Availability is not given,4.0,https://www.amazon.com/Nothing-Unlocked-Snapdragon-Interface-Smartphone/dp/B0F9XZZLJK/ref=sr_1_13?crid=MORIM43E6NWW&dib=eyJ2IjoiMSJ9.ne1sLzT291vMEWaU784PKdIGopHUbScpUQHcpeLxw-zSIIVMB8A-GDaIPYvNp419xi9ocwUuPvuxn7Ikkub6bPic7DSRVTIaBGGiDkIrS5WekLAqHwA8jh5A388WombCHQEnJ4IXpDpIZm13on7GanUGVpMOxhOx2JPhFySj4cjiTFg4nBlbCjENhwv2QU-sHc2TVkhJ_UZoB7nmYHL1t3F7rBxz3GJbBnFnZRFY3Og.Imn7f4qy95aFgaRBEm9Xyfn9MiWJ7HOaHYeUr95I8mg&dib_tag=se&keywords=oppo+phone&qid=1758871529&rnid=85457740011&sprefix=oppo%2Caps%2C441&sr=8-13
G64L | 2025 | Unlocked | 6.8” HD+ Infinity Display | 64/4GB | Triple 13MP Camera | US Version | US Warranty | Blue,222.,Availability is not given,Ships to Pakistan,https://www.amazon.com/BLU-Unlocked-Infinity-Display-Warranty/dp/B0FB5CVKW7/ref=sr_1_14?crid=MORIM43E6NWW&dib=eyJ2IjoiMSJ9.ne1sLzT291vMEWaU784PKdIGopHUbScpUQHcpeLxw-zSIIVMB8A-GDaIPYvNp419xi9ocwUuPvuxn7Ikkub6bPic7DSRVTIaBGGiDkIrS5WekLAqHwA8jh5A388WombCHQEnJ4IXpDpIZm13on7GanUGVpMOxhOx2JPhFySj4cjiTFg4nBlbCjENhwv2QU-sHc2TVkhJ_UZoB7nmYHL1t3F7rBxz3GJbBnFnZRFY3Og.Imn7f4qy95aFgaRBEm9Xyfn9MiWJ7HOaHYeUr95I8mg&dib_tag=se&keywords=oppo+phone&qid=1758871529&rnid=85457740011&sprefix=oppo%2Caps%2C441&sr=8-14
"60 XE NXTPAPER 5G Cell Phone, 128GB Unlocked Android Smartphone, 6.8"" 120Hz Paper-Like Display, AI Features, 5010mAh Battery, 8GB RAM + 8GB Expansion, Advanced Camera System, Space Blue","1,106.",Availability is not given,4.6,https://www.amazon.com/TCL-NXTPAPER-Smartphone-Paper-Like-Expansion/dp/B0F62N5KXF/ref=sr_1_15?crid=MORIM43E6NWW&dib=eyJ2IjoiMSJ9.ne1sLzT291vMEWaU784PKdIGopHUbScpUQHcpeLxw-zSIIVMB8A-GDaIPYvNp419xi9ocwUuPvuxn7Ikkub6bPic7DSRVTIaBGGiDkIrS5WekLAqHwA8jh5A388WombCHQEnJ4IXpDpIZm13on7GanUGVpMOxhOx2JPhFySj4cjiTFg4nBlbCjENhwv2QU-sHc2TVkhJ_UZoB7nmYHL1t3F7rBxz3GJbBnFnZRFY3Og.Imn7f4qy95aFgaRBEm9Xyfn9MiWJ7HOaHYeUr95I8mg&dib_tag=se&keywords=oppo+phone&qid=1758871529&rnid=85457740011&sprefix=oppo%2Caps%2C441&sr=8-15
Bold K10 | 2024 | 3-Day Battery | Unlocked | 6.6” HD+ Infinity Display | 128/4GB | Triple 50MP Camera | US Version | US Warranty | Black,Price is not given,Availability is not given,Ships to Pakistan,https://www.amazon.com/All-Day-Battery-Unlocked-Infinity-Warranty/dp/B0D5T7318W/ref=sr_1_16?crid=MORIM43E6NWW&dib=eyJ2IjoiMSJ9.ne1sLzT291vMEWaU784PKdIGopHUbScpUQHcpeLxw-zSIIVMB8A-GDaIPYvNp419xi9ocwUuPvuxn7Ikkub6bPic7DSRVTIaBGGiDkIrS5WekLAqHwA8jh5A388WombCHQEnJ4IXpDpIZm13on7GanUGVpMOxhOx2JPhFySj4cjiTFg4nBlbCjENhwv2QU-sHc2TVkhJ_UZoB7nmYHL1t3F7rBxz3GJbBnFnZRFY3Og.Imn7f4qy95aFgaRBEm9Xyfn9MiWJ7HOaHYeUr95I8mg&dib_tag=se&keywords=oppo+phone&qid=1758871529&rnid=85457740011&sprefix=oppo%2Caps%2C441&sr=8-16
"SAMSUNG Galaxy S25 Ultra, 256GB Smartphone, Unlocked Android, AI Night Mode Camera, Snapdragon 8 Elite Fast Processor, 5000mAh Battery, Built-in S Pen, 2025, US 1 Yr Warranty, Titanium Black",Price is not given,Availability is not given,3.9,N/A
Product details are not given,Price is not given,Availability is not given,Ships to Pakistan,N/A
Product details are not given,Price is not given,Availability is not given,4.6,N/A
Product details are not given,Price is not given,Availability is not given,Ships to Pakistan,N/A
Product details are not given,Price is not given,Availability is not given,4.5,N/A
Product details are not given,Price is not given,Availability is not given,Ships to Pakistan,N/A
Product details are not given,Price is not given,Availability is not given,4.3,N/A
Product details are not given,Price is not given,Availability is not given,Ships to Pakistan,N/A
Product details are not given,Price is not given,Availability is not given,4.6,N/A
Product details are not given,Price is not given,Availability is not given,Ships to Pakistan,N/A
Product details are not given,Price is not given,Availability is not given,4.1,N/A
Product details are not given,Price is not given,Availability is not given,4.1,N/A
Product details are not given,Price is not given,Availability is not given,Ships to Pakistan,N/A
Product details are not given,Price is not given,Availability is not given,4.0,N/A
Product details are not given,Price is not given,Availability is not given,4.5,N/A
Product details are not given,Price is not given,Availability is not given,& Up,N/A
